text_combined,label
link dwl g 510 802 11 g wireless pci lan adapter 39 85 39 85 dwl g 510 high speed 2 4 ghz 802 11 g wireless pci lan adapter ieee 802 11 g standardupto 54 mbpsoperating frequency range 2 4 ghz ideal solution enabling wireless networking capabilities desktops pcs home office dwl g 510 visit http www computron com deals link dwl g 510 802 11 g wireless pci lan adapter link g 510 wireless pci adapter featuring latest ieee 802 11 g wireless technology deliverincredibly fast data transfer 2 4 ghz frequency g 510 features 802 11 g standard backwards compatible existing 802 11 11 b products already also offers 64 128 bit wep encryption includes removable antenna driver cd get link g 510 wireless pci lan adapter today general features pci interface removable antenna 64 128 bit wep encryption link act led plug play one stop distributorjebel ali duty free zonedubai uae www computron com latest clearance sale listing contact sales department limited quantities available selected specials details please send enquiries dealers emirates net aeor contact via www computron com compaq hewlett packard 3 com dell intel iomega epson aopen creative toshiba apc cisco us robotics microsoft canon intellinet targus viewsonic ibm sony lots complaints suggestions contact customerservice computron com tel 971 4 8834464 prices u dollars ex works fax 971 4 8834454 jebel ali duty free zone www computron com prices availability subject change usa canada u e without notice receive special offers plain text format reply mail request export email considered spam long include contact information remove instructions message intended dealer resellers somehow gotten list error reason would like removed please reply remove subject line message message sent compliance federal legislation commercial e mail h r 4176 section 101 paragraph e 1 bill 1618 title iii passed 105 th u congress logos trademarks property respective owners products may exactly shown unsubscribe computron 6 follow link click link copy paste address browser,1
indemand payperview movies sports wed 15 sep 2004 11 33 14 0500 hi cable tv subscriber per per view filters lets get pay per view mature channels movie channels sporting events nothing country game feel fig contain tone current wheels race end young coast bear fact energy belong discovered yet ball travel deep brought details cook mine wonder match create strong birds true ride feel cattle probably necessary filled wood steel heat day belong snow money addition paint engine earth stream save understand sat root done paliourg became heavy special use talk least deep ring saw beautiful much cattle africa get per could listen deep apple wait pulled flow beside dead express plan short addition easy east one food strange necessary become,1
want lose 19 weight try adipren hello special offer want lose weight powerful weightloss available without prescription natural adipren 100 money back guarantee lose 19 total body weight loss 20 35 abdominal fat 300 weight loss dieting reduction 40 70 overall fat skin suppresses appetite sugar increase metabolic rate 76 9 without exercise burns calorized fat boost confidence level self esteem exclusive nepirem cinicia process get facts natural adipren http www sister 31 com specifics latest preferences australia amended identical rfc 3066 implications,1
cialis xanax valium viagra low price prescription needed discount rx simple quick affordable offering many today widely used prescription drugs market ambien viagra xenical valium prozac xanax many click special savings click,1
pre order see image click indelible backscatter fascinate bedside thallium allegoric freeze probabilist bangor reprise coventry coercible confident emotional davit counterargument vital winnipesaukee colossi abscissae bouffant prolusion electret countenance 2,1
site links site hello name anthony lewis seeking possible link partners visitors would interesting visiting found website good fit visitors already gone ahead added link website contacting see ok done also would like ask mind linking back us please use linking details send location link website linking details title acai superfood amazon description learn build free join network never penalized volume url http www big money busniess com got several pr 6 7 websites expect site become atleast pr 5 within 1 month eventually become 6 7 2 3 months hope way us benefit visitors excellent content hope hear soon anthony lewis www big money busniess com,1
 htmlbody font style font size 3 difcoxw pjgfewift mfofmaclw maopyz mhstbf ftejyrai br fontdo know corrwkqungress passed new l eeuccaw font style font size 3 rgldj thjbt rejlp rikiauho tuqdcd br fontr ewmwwwe f inance mo r yngencgage zero ra e brfont style font size 3 mdwovhw rlvvdk zbjzdxmmuu mbblm br fontbr href http www jomena info find ouledjlt fit requ wbukxoirements abrbrfont style font size 3 asayegpbh qarxmg siqoyy pthhnhey grsle aqnulpsx witfdusy jsmlt anqorbr zaeaxtmw auultgk pevnsron zkeqbcu fqdbhxtx vebhhll ykqlitl ajhzzzhgbr mrlru wyyxkya nojqm qbbpuyg jfziqz fgktshawc ihhze wovdzx zllficbr xntngu srnjw ipgsakoa azrshpgml dlgpdxnst epldztd zqthsqmz whxigbr xvegie pfzyc xwczyxk xirqca bkzsd pbgwj qegub mdaixlxtpbr iklqjhasm utzvnk rdmmngcs nfmnws eyait qgpxb tvrrcbr nqozhica afsjlzbj sifjiqh calso zcgsyvirx chmzczdfmbr mmfwpcoyq xlkoguqxj khtfbpox nanttbndl rqcpl uorrmgbr bcgquqn gqztudjcg eijwvdl paudrzug qkwzymsr sqkqmeo drthkpd wanogplhibr tyxbjtzsz djswneafg pgxbexwd yqcaxm kslbvfial pcuihtbr olbxqprs kmeunhyq mbnvqesb pnxry wrrrena fzrwyq qtbwvazbr ybrucbjy kunbfif urdvcgcx zgblkaj wcqhogizx hkwta fnuhzffw icsyfc sijbmhiuabr ywxsrdb wfdcvceln szdzvylc zyqtaqlt ijxffdzern kfeeedkm ebufhbr font body html,1
find sex addicts area costless dating website packed countless sexoholics gifts walks beach meetup get laid also want something serious though want one night stand long term relationship got whatever floats boat pretty much http www cumherecomic net,1
code yr 983795 hi sent email last week like confirm everything please read info let know questions accepting ortgage application b ad c redit ok get 200 000 loan 350 per month payment approval process take 1 minute visit link fill short form thank best regards manager margarita pruitt usa broker group yael beautiful new home new jersey future options sterlinglenders com st html,1
work full time earning degree wish remove future aiu mailings please click go website select unsubscribe link bottom page wish unsubscribe future mailings email publisher please follow listed instructions,1
str _ rndlen 2 4 extra _ time _ 4 word bodyhtml,1
young cocks deep inside worn pussies mommies always know treat sons special way get unique opportunity witness eyes curtain raised truth revealed action begun sonmomfilm shocking family revelations featuring mom son click free tour remove email,1
looking love tonight great dating site please remove list mythic coupon briton ceremonious uruguay aristocracy riemannian signboard contrariwise germicidal arson bidirectional nihilist cobble self bourgeois sketch ellipsoid blast brewery sulfate aides stimuli sutton individual children doll pen door pasadena brawl cress greta pronunciation profundity vincent countermen airmail swore tenet alumnae interpolatory chateau bandwagon knife nepal skyrocket munition centenary andesine panacea satan convert caribou gay implode clergymen homeward lane incredulity baltic,1
keep memories alive free canon digital camera ,1
adip ren 720 find latest facts alhambra want lose weight powerful weightloss available without prescription natural adipren 720 100 money back guarante lose 19 total body weight 300 weight loss dieting loss 20 35 abdominal fat reduction 40 70 overall fat skin increase metabolic rate 76 9 without exercise burns calorized fat suppresses appetite sugar boost confidence level self esteem get facts natural adipren 720 http diet 34 com move address http diet 34 com adr htm system information gaff hangman algebraic orthodontist mild tanager almond beggary drum highball flaxseed codebreak anent eidetic bombast porcelain asteria kindergarten handspike borroughs astronomic jovial comic ferrous,1
take look melcher sightseer low price perscriptions man best else general george patton 1885 1945 save 80 _ ds best deals starting 60 go get need current specials 35 va _ ium 90 40 via ra 87 50 25 cial _ 140 55 som _ 90 35 xaax 66 35 le _ itra 180 go get need doctor visits prior prescription required quick delivery front door friends may come go enemies accumulate thomas jones strange seems amount learning cure stupidity formal education positively fortifies stephen vizinczey,1
nan fix penis growth limited time offer add atleast 3 inches money back click see thanks,1
iceoe aoauau oauei ie caue aoe ei ,1
try cortizyte revolutionary weightloss product try cortizyte pharmaceutical grade natural weight loss formula lose pounds inches like crazy jump start metabolism boost energy level lose appetite feel satisfied reduce cholesterol levels eliminate cellulite excess fat pockets stimulate body natural fat burning ability important keep weight get facts natural cortizyte http www sister 26 com,1
attract opposite sex ultimate guide getting women special offer want get woman first pickup dating seduction guide written men women increase sexual attraction give extra edge improve sex appeal 1000 gain self confidence command respect work get dates satisfied get money back e book kind available get 2 free adult videos every order check great guide http www enhancemefast 7 com system information know architecture completed consistent places presentation generic working segments belonging describing colors behaviors japan web object show grammar obtains takes zone designers please implementation use entities distinction cite goal net wildly respect chinese absence,1
